"Rentra statement","2026-10","Asia/Kolkata","test"
"Basis","Rent recorded in this IST calendar month, with current visit and refund outcomes."
"Deductions","Commission and tax deductions are not applied yet. Booked rent is not a payout amount."
"Booked rent INR","Refunded INR","Completed visits rent INR"
"35000.00","0.00","35000.00"
"Property","Visit date","Guest first name","Booking reference","Visit status","Booked rent INR","Refunded INR","Collected rent INR"
"Finance Farm","2026-10-01","Finance","640d883d-44bc-47","completed","1000.00","0.00","1000.00"
"Finance Farm","2026-10-01","Finance","191f0a77-ec2b-4e","completed","1000.00","0.00","1000.00"
"Finance Farm","2026-10-01","Finance","b78d1a23-1801-4c","completed","1000.00","0.00","1000.00"
"Finance Farm","2026-10-01","Finance","396f65e0-59ea-4a","completed","1000.00","0.00","1000.00"
"Finance Farm","2026-10-01","Finance","e46edd06-cddf-42","completed","1000.00","0.00","1000.00"
"Finance Farm","2026-10-01","Finance","17f9c83f-cc5e-4b","completed","1000.00","0.00","1000.00"
"Finance Farm","2026-10-01","Finance","6a70bded-95f8-4a","completed","1000.00","0.00","1000.00"
"Finance Farm","2026-10-01","Finance","2fcc0d38-1429-42","completed","1000.00","0.00","1000.00"
"Finance Farm","2026-10-01","Finance","605f4b74-7954-47","completed","1000.00","0.00","1000.00"
"Finance Farm","2026-10-01","Finance","fb97a996-83e4-40","completed","1000.00","0.00","1000.00"
"Finance Farm","2026-10-01","Finance","a976390f-d9e2-41","completed","1000.00","0.00","1000.00"
"Finance Farm","2026-10-01","Finance","b5aaefcf-eb73-46","completed","1000.00","0.00","1000.00"
"Finance Farm","2026-10-01","Finance","aaaf7b9c-cce7-41","completed","1000.00","0.00","1000.00"
"Finance Farm","2026-10-01","Finance","9610ebe0-a0b8-46","completed","1000.00","0.00","1000.00"
"Finance Farm","2026-10-01","Finance","e8c702c0-bafc-4b","completed","1000.00","0.00","1000.00"
"Finance Farm","2026-10-01","Finance","923ef373-93e8-4b","completed","1000.00","0.00","1000.00"
"Finance Farm","2026-10-01","Finance","0ec1c4ec-da93-4e","completed","1000.00","0.00","1000.00"
"Finance Farm","2026-10-01","Finance","b53947ca-ab2b-46","completed","1000.00","0.00","1000.00"
"Finance Farm","2026-10-01","Finance","41047ffd-c484-4f","completed","1000.00","0.00","1000.00"
"Finance Farm","2026-10-01","Finance","c553afc7-85bf-44","completed","1000.00","0.00","1000.00"
"Finance Farm","2026-10-01","Finance","2e7d4988-1bde-42","completed","1000.00","0.00","1000.00"
"Finance Farm","2026-10-01","Finance","e9030959-488b-45","completed","1000.00","0.00","1000.00"
"Finance Farm","2026-10-01","Finance","a93df40d-b3cd-4b","completed","1000.00","0.00","1000.00"
"Finance Farm","2026-10-01","Finance","ad3ffcd4-8c2a-4a","completed","1000.00","0.00","1000.00"
"Finance Farm","2026-10-01","Finance","4baa1e19-09ad-48","completed","1000.00","0.00","1000.00"
"Finance Farm","2026-10-01","Finance","5934a603-318f-42","completed","1000.00","0.00","1000.00"
"Finance Farm","2026-10-01","Finance","86e21db7-aedc-4d","completed","1000.00","0.00","1000.00"
"Finance Farm","2026-10-01","Finance","ee136cef-de79-4f","completed","1000.00","0.00","1000.00"
"Finance Farm","2026-10-01","Finance","6ad415ca-d972-49","completed","1000.00","0.00","1000.00"
"Finance Farm","2026-10-01","Finance","655c6e43-0f4e-4f","completed","1000.00","0.00","1000.00"
"Finance Farm","2026-10-01","Finance","94c0ba00-585a-4b","completed","1000.00","0.00","1000.00"
"Finance Farm","2026-10-01","Finance","d6c29293-4548-4b","completed","1000.00","0.00","1000.00"
"Finance Farm","2026-10-01","Finance","a7c11f9e-bd2e-47","completed","1000.00","0.00","1000.00"
"Finance Farm","2026-10-01","Finance","dc54f787-6d04-47","completed","1000.00","0.00","1000.00"
"Finance Farm","2026-10-01","Finance","60c0a9d8-2e33-42","completed","1000.00","0.00","1000.00"
